<?xml version="1.0" encoding="UTF-8"?>
<!-- Generated by eXe - http://exelearning.net -->
<manifest identifier="eXeero_2024_165f96cbc27fe9226be1" xmlns="http://www.imsproject.org/xsd/imscp_rootv1p1p2" xmlns:adlcp="http://www.adlnet.org/xsd/adlcp_rootv1p2" xmlns:imsmd="http://www.imsglobal.org/xsd/imsmd_v1p2" xmlns:xsi="http://www.w3.org/2001/XMLSchema-instance" xsi:schemaLocation="http://www.imsproject.org/xsd/imscp_rootv1p1p2 imscp_rootv1p1p2.xsd http://www.imsglobal.org/xsd/imsmd_rootv1p2p1 imsmd_rootv1p2p1.xsd http://www.adlnet.org/xsd/adlcp_rootv1p2 adlcp_rootv1p2.xsd" > 
<metadata> 
 <schema>ADL SCORM</schema> 
 <schemaversion>1.2</schemaversion> 
 <adlcp:location>imslrm.xml</adlcp:location> 
</metadata> 
<organizations default="eXeero_2024_165f96cbc27fe9226be2">  
    <organization identifier="eXeero_2024_165f96cbc27fe9226be2" structure="hierarchical">
        <title>CUENTOS Y LEYENDAS DEL MUNDO</title>
<item identifier="ITEM-eXeero_2024_165f96cbc27fe9226be3" isvisible="true" identifierref="RES-eXeero_2024_165f96cbc27fe9226be4">
    <title>Proyecto Final B2</title>
<item identifier="ITEM-eXeero_2024_165f96cbc27fe9226bf5" isvisible="true" identifierref="RES-eXeero_2024_165f96cbc27fe9226bf6">
    <title>Introducción</title>
</item>
<item identifier="ITEM-eXeero_2024_165f96cbc27fe9226bf7" isvisible="true" identifierref="RES-eXeero_2024_165f96cbc27fe9226bf8">
    <title>Guía didáctica</title>
</item>
<item identifier="ITEM-eXeero_2024_165f96cbc27fe9226c09" isvisible="true" identifierref="RES-eXeero_2024_165f96cbc27fe9226c0a">
    <title>Curación de contenidos</title>
<item identifier="ITEM-eXeero_2024_165f96cbc27fe9226c1b" isvisible="true" identifierref="RES-eXeero_2024_165f96cbc27fe9226c1c">
    <title>Curación de contenidos: Alumnado</title>
</item>
<item identifier="ITEM-eXeero_2024_165f96cbc27fe9226c2d" isvisible="true" identifierref="RES-eXeero_2024_165f96cbc27fe9226c2e">
    <title>Curación de contenidos: Docentes</title>
</item>
</item>
<item identifier="ITEM-eXeero_2024_165f96cbc27fe9226c3f" isvisible="true" identifierref="RES-eXeero_2024_165f96cbc27fe9226c310">
    <title>Temporalización/Timeline</title>
</item>
<item identifier="ITEM-eXeero_2024_165f96cbc27fe9226c311" isvisible="true" identifierref="RES-eXeero_2024_165f96cbc27fe9226c312">
    <title>Evaluación: Instrumentos</title>
<item identifier="ITEM-eXeero_2024_165f96cbc27fe9226c313" isvisible="true" identifierref="RES-eXeero_2024_165f96cbc27fe9226c314">
    <title>Instrumento 1</title>
</item>
<item identifier="ITEM-eXeero_2024_165f96cbc27fe9226c515" isvisible="true" identifierref="RES-eXeero_2024_165f96cbc27fe9226c516">
    <title>Instrumento 2</title>
</item>
</item>
<item identifier="ITEM-eXeero_2024_165f96cbc27fe9226c517" isvisible="true" identifierref="RES-eXeero_2024_165f96cbc27fe9226c518">
    <title>Licencias y protección de datos</title>
<item identifier="ITEM-eXeero_2024_165f96cbc27fe9226c619" isvisible="true" identifierref="RES-eXeero_2024_165f96cbc27fe9226c61a">
    <title>Infografía: Licencias y Protección de datos</title>
</item>
</item>
<item identifier="ITEM-eXeero_2024_165f96cbc27fe9226c71b" isvisible="true" identifierref="RES-eXeero_2024_165f96cbc27fe9226c71c">
    <title>producto final Noelia</title>
</item>
<item identifier="ITEM-eXeero_2024_165f96cbc27fe9226c81d" isvisible="true" identifierref="RES-eXeero_2024_165f96cbc27fe9226c81e">
    <title>Créditos</title>
</item>
<item identifier="ITEM-eXeero_2024_165f96cbc27fe9226c91f" isvisible="true" identifierref="RES-eXeero_2024_165f96cbc27fe9226c920">
    <title>Más Info</title>
</item>
</item>
  </organization>
</organizations>
<resources>
  <resource identifier="RES-eXeero_2024_165f96cbc27fe9226be4" type="webcontent" adlcp:scormtype="sco" href="index.html"> 
    <file href="index.html"/> 
    <file href="exe_html5.js"/>
    <dependency identifierref="COMMON_FILES"/>
  </resource>
  <resource identifier="RES-eXeero_2024_165f96cbc27fe9226bf6" type="webcontent" adlcp:scormtype="sco" href="introduccin.html"> 
    <file href="introduccin.html"/> 
    <file href="exe_html5.js"/>
    <file href="Embeber_Medio_ExeLearning_1.png"/>
    <file href="Embeber_Medio_ExeLearning_3.png"/>
    <file href="Embeber_Medio_ExeLearning_2.png"/>
    <file href="Captura_de_pantalla_2024-01-14_a_las_21.06.43.png"/>
    <dependency identifierref="COMMON_FILES"/>
  </resource>
  <resource identifier="RES-eXeero_2024_165f96cbc27fe9226bf8" type="webcontent" adlcp:scormtype="sco" href="gua_didctica.html"> 
    <file href="gua_didctica.html"/> 
    <file href="exe_html5.js"/>
    <file href="Colorful_Creative_Mind_Map_Brainstorm.png"/>
    <dependency identifierref="COMMON_FILES"/>
  </resource>
  <resource identifier="RES-eXeero_2024_165f96cbc27fe9226c0a" type="webcontent" adlcp:scormtype="sco" href="curacin_de_contenidos.html"> 
    <file href="curacin_de_contenidos.html"/> 
    <file href="exe_html5.js"/>
    <dependency identifierref="COMMON_FILES"/>
  </resource>
  <resource identifier="RES-eXeero_2024_165f96cbc27fe9226c1c" type="webcontent" adlcp:scormtype="sco" href="curacin_de_contenidos_alumnado.html"> 
    <file href="curacin_de_contenidos_alumnado.html"/> 
    <file href="exe_html5.js"/>
    <file href="Diseno_sin_titulo.png"/>
    <dependency identifierref="COMMON_FILES"/>
  </resource>
  <resource identifier="RES-eXeero_2024_165f96cbc27fe9226c2e" type="webcontent" adlcp:scormtype="sco" href="curacin_de_contenidos_docentes.html"> 
    <file href="curacin_de_contenidos_docentes.html"/> 
    <file href="exe_html5.js"/>
    <file href="Diseno_sin_titulo_(1).png"/>
    <dependency identifierref="COMMON_FILES"/>
  </resource>
  <resource identifier="RES-eXeero_2024_165f96cbc27fe9226c310" type="webcontent" adlcp:scormtype="sco" href="temporalizacintimeline.html"> 
    <file href="temporalizacintimeline.html"/> 
    <file href="exe_html5.js"/>
    <dependency identifierref="COMMON_FILES"/>
  </resource>
  <resource identifier="RES-eXeero_2024_165f96cbc27fe9226c312" type="webcontent" adlcp:scormtype="sco" href="evaluacin_instrumentos.html"> 
    <file href="evaluacin_instrumentos.html"/> 
    <file href="exe_html5.js"/>
    <dependency identifierref="COMMON_FILES"/>
  </resource>
  <resource identifier="RES-eXeero_2024_165f96cbc27fe9226c314" type="webcontent" adlcp:scormtype="sco" href="instrumento_1.html"> 
    <file href="instrumento_1.html"/> 
    <file href="exe_html5.js"/>
    <file href="EVALUACION.png"/>
    <file href="Diapositiva1.JPG"/>
    <dependency identifierref="COMMON_FILES"/>
  </resource>
  <resource identifier="RES-eXeero_2024_165f96cbc27fe9226c516" type="webcontent" adlcp:scormtype="sco" href="instrumento_2.html"> 
    <file href="instrumento_2.html"/> 
    <file href="exe_html5.js"/>
    <dependency identifierref="COMMON_FILES"/>
  </resource>
  <resource identifier="RES-eXeero_2024_165f96cbc27fe9226c518" type="webcontent" adlcp:scormtype="sco" href="licencias_y_proteccin_de_datos.html"> 
    <file href="licencias_y_proteccin_de_datos.html"/> 
    <file href="exe_html5.js"/>
    <file href="Infografia_Grafico_Proceso_Pasos_Orden_Doodle_Multicolor_(1).jpg"/>
    <dependency identifierref="COMMON_FILES"/>
  </resource>
  <resource identifier="RES-eXeero_2024_165f96cbc27fe9226c61a" type="webcontent" adlcp:scormtype="sco" href="infografa_licencias_y_proteccin_de_datos.html"> 
    <file href="infografa_licencias_y_proteccin_de_datos.html"/> 
    <file href="exe_html5.js"/>
    <file href="Infografia_Grafico_Proceso_Pasos_Orden_Doodle_Multicolor_(1).jpg"/>
    <dependency identifierref="COMMON_FILES"/>
  </resource>
  <resource identifier="RES-eXeero_2024_165f96cbc27fe9226c71c" type="webcontent" adlcp:scormtype="sco" href="producto_final_noelia.html"> 
    <file href="producto_final_noelia.html"/> 
    <file href="exe_html5.js"/>
    <file href="exe_effects.css"/>
    <file href="exe_effects.js"/>
    <dependency identifierref="COMMON_FILES"/>
  </resource>
  <resource identifier="RES-eXeero_2024_165f96cbc27fe9226c81e" type="webcontent" adlcp:scormtype="sco" href="crditos.html"> 
    <file href="crditos.html"/> 
    <file href="exe_html5.js"/>
    <file href="Ayuda_Estructura_REA_B2_Enero_2024_1.elp"/>
    <file href="download-package-licenses.png"/>
    <file href="download-package.css"/>
    <dependency identifierref="COMMON_FILES"/>
  </resource>
  <resource identifier="RES-eXeero_2024_165f96cbc27fe9226c920" type="webcontent" adlcp:scormtype="sco" href="ms_info.html"> 
    <file href="ms_info.html"/> 
    <file href="exe_html5.js"/>
    <dependency identifierref="COMMON_FILES"/>
  </resource>
  <resource identifier="COMMON_FILES" type="webcontent" adlcp:scormtype="asset">
    <file href="config.xml"/>
    <file href="content.css"/>
    <file href="EncodeSans-Light_latin-ext.woff2"/>
    <file href="EncodeSans-Light_latin.woff2"/>
    <file href="EncodeSans-Light_vietnamese.woff2"/>
    <file href="icon_atom.png"/>
    <file href="icon_award.png"/>
    <file href="icon_beach.png"/>
    <file href="icon_bulb.png"/>
    <file href="icon_camera.png"/>
    <file href="icon_classroom.png"/>
    <file href="icon_compass.png"/>
    <file href="icon_edia.png"/>
    <file href="icon_etwinning.png"/>
    <file href="icon_exe.png"/>
    <file href="icon_footprints.png"/>
    <file href="icon_free_license.png"/>
    <file href="icon_gears.png"/>
    <file href="icon_knowledge.png"/>
    <file href="icon_list.png"/>
    <file href="icon_microphone.png"/>
    <file href="icon_network.png"/>
    <file href="icon_plus.png"/>
    <file href="icon_presentation.png"/>
    <file href="icon_puzzle.png"/>
    <file href="icon_share.png"/>
    <file href="icon_stars.png"/>
    <file href="icon_talk.png"/>
    <file href="icon_teacher_screen.png"/>
    <file href="icon_telescope.png"/>
    <file href="icon_think.png"/>
    <file href="icon_tree.png"/>
    <file href="icon_write.png"/>
    <file href="nav.css"/>
    <file href="_intef_bg.png"/>
    <file href="_intef_footer.png"/>
    <file href="_intef_header.png"/>
    <file href="_intef_icons.png"/>
    <file href="_intef_js.js"/>
    <file href="_intef_left_column.gif"/>
    <file href="_intef_licenses.gif"/>
    <file href="_intef_menu.gif"/>
    <file href="_intef_print.png"/>
    <file href="_intef_title_bg.png"/>
    <file href="base.css"/>
    <file href="popup_bg.gif"/>
    <file href="exe_powered_logo.png"/>
    <file href="SCORM_API_wrapper.js"/>
    <file href="SCOFunctions.js"/>
    <file href="common.js"/>
    <file href="common_i18n.js"/>
    <file href="exe_jquery.js"/>
    <file href="content.xsd"/>
    <file href="content.data"/>
    <file href="contentv3.xml"/>
    <file href="imslrm.xml"/>
  </resource>
</resources>
</manifest>
